,kills,deaths,assists,largestKillingSpree,largestMultiKill,killingSprees,longestTimeSpentLiving,doubleKills,tripleKills,quadraKills,pentaKills,totalDamageDealt,magicDamageDealt,physicalDamageDealt,trueDamageDealt,largestCriticalStrike,totalDamageDealtToChampions,magicDamageDealtToChampions,physicalDamageDealtToChampions,trueDamageDealtToChampions,totalHeal,totalUnitsHealed,damageSelfMitigated,damageDealtToObjectives,damageDealtToTurrets,visionScore,timeCCingOthers,totalDamageTaken,magicalDamageTaken,physicalDamageTaken,trueDamageTaken,goldEarned,goldSpent,turretKills,inhibitorKills,totalMinionsKilled,neutralMinionsKilled,champLevel,visionWardsBoughtInGame,wardsPlaced,wardsKilled,firstBloodKill,firstBloodAssist,firstTowerKill,firstTowerAssist,firstInhibitorKill,firstInhibitorAssist
0,2,5,1,0,1,0,542,0,0,0,0,65596,0,65596,0,524,8748,0,8748,0,2017,2,3015,1087,1087,7,9,10265,4371,4880,1013,7162,5875,1,0,146,0,10,1,6,0,0,0,0,0,0,0
1,14,3,7,7,3,4,646,2,1,0,0,125430,12573,100850,12006,0,15443,1263,13967,212,10407,1,11014,25415,4017,19,21,17539,5117,12036,385,12370,10708,2,0,5,116,13,4,8,2,1,0,1,0,0,1
2,8,3,9,5,2,2,932,2,0,0,0,124829,1403,120103,3322,1562,12687,362,11967,357,4118,4,3237,16974,7594,11,14,10080,4068,5645,366,12912,10855,3,1,178,4,14,3,2,4,0,0,1,0,1,0
3,6,8,7,3,1,1,302,0,0,0,0,137513,18947,116922,1643,498,18183,5276,12568,339,2071,3,8719,2708,0,6,2,16409,4096,10778,1534,11926,10575,0,0,221,8,15,1,4,2,0,0,0,0,0,0
4,7,6,6,3,2,3,277,2,0,0,0,108685,9971,94349,4364,511,15708,3902,11551,254,2351,3,4752,15122,6703,8,2,11185,2709,7927,548,11094,9525,1,1,163,16,13,1,4,3,0,0,0,0,1,0
5,15,0,12,15,3,1,0,2,1,0,0,115972,6666,108708,598,0,25359,3183,22009,166,0,0,2933,9404,7410,9,20,8564,4368,3661,535,13527,10375,3,0,165,12,13,1,2,2,1,0,1,0,0,0
6,7,7,8,3,2,2,458,2,0,0,0,146619,6306,137698,2615,0,19557,2795,16761,0,1015,1,5514,11192,3275,14,25,16205,4234,11153,816,12571,11250,3,0,202,0,14,2,4,4,0,0,1,0,0,0
7,4,5,4,2,2,1,774,1,0,0,0,100015,17420,81967,628,671,11891,3196,8066,628,1213,2,5771,206,206,16,11,14669,3440,10737,491,9929,9010,0,0,213,4,13,0,6,5,1,0,0,0,0,0
8,1,9,9,0,1,0,372,0,0,0,0,84550,15527,68038,984,655,18680,4794,12901,984,2308,3,5808,294,294,19,15,17448,7789,9175,484,8854,8600,0,0,191,0,13,0,7,6,0,0,0,0,0,0
9,6,3,7,4,1,2,804,0,0,0,0,161559,15196,136480,9882,0,12062,1435,10077,550,16638,1,15673,20786,1596,37,14,26214,8517,16932,763,11944,11358,2,0,14,142,16,8,9,4,0,0,1,0,0,0
10,13,5,2,6,2,2,808,2,0,0,0,143184,15256,124625,3301,2239,18688,5079,13495,114,2859,3,6844,3226,0,15,1,17180,11961,4944,275,13521,11925,0,0,188,16,14,2,3,3,0,0,0,0,0,0
11,4,9,3,2,1,1,359,0,0,0,0,72685,557,72128,0,666,11516,235,11280,0,1715,2,4140,2561,2561,5,9,14661,7089,7369,202,8837,8450,2,0,147,0,10,0,2,1,0,0,1,0,0,0
12,0,2,1,0,0,0,842,0,0,0,0,71956,7646,59065,5245,0,4403,286,3811,306,7537,1,7186,2708,0,11,9,14225,3156,10764,304,4892,4300,0,0,5,86,10,1,4,1,0,0,0,0,0,0
13,1,2,12,0,1,0,1142,0,0,0,0,143636,13611,120568,9455,0,8288,1040,6898,350,17497,1,14738,28125,2129,30,8,28544,9266,18342,936,10001,9608,1,0,19,136,15,4,9,6,0,0,0,0,0,0
14,9,5,7,5,2,2,506,1,0,0,0,130478,2990,126748,740,1342,22156,1664,20126,366,3727,3,6678,3611,2724,18,18,14683,4915,8795,972,12499,11975,1,0,198,12,14,3,6,2,1,0,0,0,0,0
15,3,8,7,0,1,0,499,0,0,0,0,135317,2208,131892,1216,629,11174,628,10256,290,1295,2,7815,8334,6555,15,12,17920,549,15560,1810,11017,10050,2,0,221,12,14,1,6,1,0,0,0,0,0,0
16,2,9,6,2,1,1,541,0,0,0,0,21100,9689,4727,6683,0,5751,4280,878,593,3762,5,28270,6,0,57,38,23550,8041,14256,1252,6230,5750,0,0,32,0,11,10,30,8,1,0,0,0,0,0
17,13,1,17,13,2,1,1846,2,0,0,0,225239,5976,213179,6083,1678,38820,1775,32748,4297,5421,4,5708,18495,7101,19,39,14540,4386,8508,1645,16330,25275,2,0,214,45,17,3,11,1,0,0,0,0,0,1
18,4,6,11,3,1,1,962,0,0,0,0,25585,10182,6229,9173,0,7518,5693,1136,688,6073,5,38432,209,209,34,40,23995,3670,18607,1717,7472,7025,0,0,44,0,12,5,16,4,0,0,0,0,0,0
19,8,8,5,2,2,3,510,1,0,0,0,144568,17114,119123,8331,0,14817,1404,12559,854,13880,1,21447,9660,2020,21,17,31821,10550,20754,516,11962,11358,1,0,37,120,15,8,8,2,0,0,0,0,0,0
0,8,4,11,5,1,2,699,0,0,0,0,151386,6743,143705,937,1360,21188,1105,19606,476,3104,2,4830,5207,2251,23,19,13142,6276,5982,882,12826,12300,1,0,196,12,15,0,9,3,0,0,0,0,0,0
1,4,6,1,2,1,2,559,0,0,0,0,137453,5435,131647,369,0,14224,1626,12228,369,2814,1,14153,2673,422,24,17,27427,10605,15311,1511,10444,9550,0,0,208,16,15,2,8,3,0,0,0,0,0,0
2,11,9,10,3,1,4,541,0,0,0,0,182789,2907,150612,29269,0,22575,444,15560,6570,10732,1,28954,8246,0,18,22,39559,9535,25067,4956,15301,14883,0,0,91,103,17,1,10,2,0,0,0,0,0,0
3,3,6,0,2,1,1,252,0,0,0,0,80419,4971,66041,9405,0,3416,156,2805,454,6218,1,7988,3123,0,16,6,17865,5241,12586,38,6911,6350,0,0,27,74,11,3,9,2,0,0,0,0,0,0
4,8,0,1,8,2,1,0,1,0,0,0,50641,2174,48239,228,0,8104,1462,6625,16,573,2,1564,11645,4616,6,1,4375,559,3763,52,7850,6150,2,0,103,0,9,0,3,1,1,0,1,0,0,0
5,8,1,10,6,1,2,1296,0,0,0,0,135229,7781,125228,2220,1079,20987,2749,17833,404,2510,3,4998,13651,7224,13,23,12340,4179,7442,718,11356,9225,3,1,173,12,14,0,8,0,0,0,1,0,1,0
6,3,2,6,2,1,1,820,0,0,0,0,111755,4382,85532,21840,0,5712,267,4337,1108,7528,1,9306,21211,440,20,9,16875,2459,13659,755,8505,7450,0,0,21,108,13,1,5,1,0,0,0,0,0,1
7,6,4,4,3,3,2,484,1,1,0,0,101257,14968,83018,3270,447,9464,2873,6590,0,3179,4,5793,1027,536,21,0,12074,3274,8417,381,10740,7700,0,0,179,4,14,0,7,5,0,0,0,0,0,0
8,1,6,5,0,1,0,520,0,0,0,0,130399,6926,123045,427,720,9246,674,8144,427,3711,3,6827,502,502,16,9,16185,5933,9738,513,9860,9675,0,0,216,4,14,1,9,1,0,0,0,0,0,0
9,3,2,1,3,2,1,561,1,0,0,0,70406,429,58717,11259,0,8264,355,6829,1078,613,1,6414,3875,3875,11,14,8969,2679,5597,692,7723,6683,2,0,147,0,12,0,6,1,0,0,0,0,0,0
10,3,4,1,2,1,1,1055,0,0,0,0,70484,7186,62386,912,322,11333,3123,8083,126,1785,3,4357,716,548,8,1,11894,4348,6978,567,8011,7800,0,0,157,4,10,0,6,2,0,0,0,0,0,0
11,12,4,6,5,3,3,547,2,1,0,0,134541,5894,127171,1475,845,17138,782,15709,645,2928,3,4474,9392,5144,20,10,11063,3340,7050,672,13412,11800,3,0,203,11,14,0,7,4,0,0,1,0,0,0
12,8,4,9,4,3,2,745,1,1,0,0,167493,5269,155900,6323,0,17969,2148,13961,1859,6923,1,17477,15447,3501,22,27,26350,4709,17360,4280,14201,10975,3,0,241,1,16,3,9,2,1,0,1,0,0,0
13,4,5,7,3,1,1,947,0,0,0,0,147370,8886,129986,8497,946,14714,497,14179,37,3858,3,4479,5314,2138,12,7,12170,3091,7997,1081,10480,9900,0,0,214,3,14,0,7,3,0,0,0,0,0,0
14,12,4,11,5,1,4,719,0,0,0,0,270796,17248,238160,15387,2559,39420,1778,34721,2920,8313,3,10620,5001,1978,29,27,24662,9991,13484,1186,15424,14425,0,0,282,4,17,1,9,6,0,0,0,0,0,0
15,7,7,10,2,1,3,529,0,0,0,0,185256,12267,170298,2691,727,27521,3730,23564,227,4697,3,13060,9480,2744,37,7,28575,11375,16028,1171,15097,15145,0,0,250,16,17,1,11,10,0,0,0,0,0,0
16,2,4,4,2,1,1,833,0,0,0,0,106981,3594,103387,0,987,10244,594,9650,0,2750,3,3595,643,643,14,9,13230,8238,3908,1083,8690,7800,0,0,192,4,12,0,7,1,0,0,0,0,0,0
17,5,8,13,4,1,1,683,0,0,0,0,167245,49663,115651,1930,0,23289,7223,16065,0,2109,1,51401,205,170,20,55,34701,13368,18424,2908,12562,11425,0,0,219,12,17,1,9,2,0,0,0,0,0,1
18,4,7,8,2,1,1,300,0,0,0,0,115499,19572,84299,11626,0,6792,899,5559,334,5158,1,13494,22314,0,37,7,19743,6053,13341,348,10103,9000,0,0,26,111,14,3,10,4,0,0,0,0,0,0
19,2,1,3,2,1,1,386,0,0,0,0,58800,1152,48804,8844,0,4382,152,3703,527,2040,1,4230,10142,64,13,10,9493,4519,4701,271,5381,5225,0,0,99,0,10,3,6,1,0,0,0,0,0,0
0,8,6,3,5,3,2,462,3,1,0,0,85586,1846,77886,5852,460,15446,925,14376,144,2288,3,5086,5449,5449,7,3,13886,4918,8346,621,9762,9400,1,0,141,5,11,0,4,1,0,0,1,0,0,0
1,9,15,6,3,2,2,699,1,0,0,0,244696,211210,20288,13197,0,29601,26791,634,2175,6571,1,13994,23437,2389,20,20,40236,11988,27582,665,15717,13750,0,0,40,166,18,9,5,1,0,0,0,0,0,0
2,8,6,8,3,2,3,749,1,0,0,0,216100,6079,204740,5280,1047,38635,2686,33552,2397,8431,3,13180,4990,4990,23,21,25216,6326,16682,2207,16227,14730,2,0,292,8,16,2,8,5,0,0,0,0,0,0
3,2,3,2,0,1,0,914,0,0,0,0,68683,447,68236,0,588,7441,306,7135,0,1489,2,3124,1681,1583,9,7,10401,4394,4846,1160,7295,7150,1,0,144,0,11,0,5,1,0,0,0,0,0,0
4,6,7,7,5,3,1,458,1,1,0,0,106915,9881,86706,10327,0,13761,936,12502,322,10428,1,12990,17260,0,12,17,24180,7196,16105,879,9185,9133,0,0,6,102,13,3,5,1,0,0,0,0,0,0
5,3,7,10,0,1,0,472,0,0,0,0,188683,5442,178524,4716,1725,17811,686,17049,76,4545,3,9484,12619,3255,17,14,18527,5552,12459,516,12414,11750,1,0,247,16,16,2,5,2,0,0,0,0,0,0
6,13,3,7,5,3,3,1117,2,1,0,0,163438,3323,157310,2804,1534,25886,1500,22174,2212,4871,3,6267,16757,5358,13,19,14626,6929,7500,196,15353,13575,2,0,187,25,15,5,6,1,1,0,1,0,0,0
7,7,7,8,3,2,2,408,1,0,0,0,196042,1638,183024,11378,1828,21189,499,19814,876,4093,3,6325,26165,10009,23,19,15348,3437,10544,1366,14181,11350,4,1,229,4,16,2,5,2,0,0,1,0,1,0
8,7,3,9,7,2,1,375,1,0,0,0,164534,1275,157681,5578,1584,20212,456,19420,336,4300,4,4743,13803,2089,10,23,12663,6011,6406,246,12268,10500,1,0,225,0,15,0,4,2,0,0,0,0,0,0
9,1,5,7,0,1,0,589,0,0,0,0,112187,4986,100515,6686,0,17243,2333,14819,90,788,1,4490,2455,0,15,22,14732,7892,6681,158,9260,8375,0,0,203,4,14,1,7,2,0,0,0,0,0,0
10,4,7,5,2,2,1,346,1,0,0,0,89584,4259,82684,2640,0,14851,2353,12497,0,0,0,3122,0,0,11,23,13662,8576,4836,249,9313,7570,0,0,173,2,13,0,5,1,0,0,0,0,0,0
11,14,9,10,4,2,3,633,2,0,0,0,319887,1340,298849,19697,0,48707,996,47414,297,44385,1,80530,11784,2939,19,26,83873,26386,38760,18726,19744,20195,1,0,318,16,18,1,8,2,0,0,0,0,0,0
12,6,3,8,3,2,2,658,1,0,0,0,225780,200155,18508,7116,0,24505,21594,1438,1473,3236,1,7305,13214,5279,25,40,16723,10599,5581,542,16481,14775,1,1,234,39,18,1,10,0,0,0,0,0,0,0
13,15,8,11,6,2,4,734,1,0,0,0,215200,4315,202172,8712,2181,38615,1552,32793,4268,7370,4,12215,18068,3193,22,19,28164,15766,10772,1625,18414,17775,1,0,206,25,18,1,8,1,1,0,0,0,0,0
14,2,5,2,0,1,0,481,0,0,0,0,89429,5546,78598,5284,0,4657,378,4087,192,5506,1,6542,1041,0,11,9,14365,2214,10413,1737,6837,5825,0,0,24,82,11,0,3,3,0,0,0,0,0,0
15,4,8,2,2,1,1,529,0,0,0,0,146053,8213,136790,1050,0,21724,2757,18816,150,0,0,4937,2680,2680,11,28,15599,8894,5938,766,11112,10690,0,0,233,0,14,2,5,1,0,0,0,0,0,0
16,1,5,0,0,1,0,415,0,0,0,0,40536,1984,36872,1680,0,5518,762,4755,0,0,0,1606,701,701,5,13,5773,2601,2807,364,4954,4450,0,0,116,0,9,2,4,0,0,0,0,0,0,0
17,10,1,10,6,3,2,1727,1,1,0,0,213024,4007,195854,13162,620,22276,1005,20030,1240,3733,2,7716,25843,6507,34,1,19172,5984,12195,993,15986,13150,5,0,247,24,16,4,8,4,1,0,1,0,0,1
18,14,7,8,3,3,5,637,3,1,0,0,237680,18218,210895,8567,0,36556,5924,29991,640,2151,1,11547,35881,11228,25,55,21181,10425,10386,369,19232,16825,4,2,279,24,18,3,7,4,0,0,0,0,1,0
19,8,10,10,3,2,1,386,1,0,0,0,184350,145366,27130,11853,0,27870,24484,1512,1872,12723,1,22707,12914,3712,15,43,36437,5009,28600,2827,12871,11125,2,1,32,138,17,4,6,0,0,0,0,0,1,0
0,4,1,5,2,1,2,672,0,0,0,0,100386,86554,8417,5414,0,10525,8718,1074,733,1033,1,5233,7398,6402,18,21,11518,4011,6915,591,10005,8000,1,1,143,4,13,2,4,0,0,0,0,1,0,1
1,2,1,16,2,1,1,1530,0,0,0,0,169211,152971,12205,4034,0,17177,13826,1786,1564,2695,1,9443,10209,7609,18,31,15441,4686,10274,480,13158,12025,5,0,220,15,16,3,9,0,0,0,0,1,0,1
2,1,3,6,0,1,0,333,0,0,0,0,19216,7331,3779,8105,0,4232,3245,630,357,4321,5,11662,0,0,23,21,14157,3259,10898,0,4973,4425,0,0,35,0,10,5,9,3,0,0,0,0,0,0
3,1,4,2,0,1,0,511,0,0,0,0,133932,124293,7185,2455,0,6631,6308,322,0,5,1,5921,3341,3341,17,17,10383,4579,5462,342,9557,9550,1,0,211,0,15,4,8,2,0,0,0,0,0,0
4,1,4,2,0,1,0,356,0,0,0,0,38346,34751,3594,0,0,2221,1852,369,0,2370,1,3411,0,0,9,9,9581,3571,5855,154,4636,3525,0,0,100,4,10,1,5,0,0,0,0,0,0,0
5,6,4,9,4,1,1,968,0,0,0,0,198213,181313,15171,1728,0,22175,20528,1571,75,4673,1,19603,2858,1595,21,36,27529,6585,18227,2716,15797,15300,2,0,274,16,18,2,9,4,0,0,0,0,0,0
6,0,0,3,0,0,0,0,0,0,0,0,98552,85761,10252,2539,0,3242,3184,57,0,239,1,1656,3841,2904,18,9,2339,673,1646,19,8019,5800,1,0,181,12,13,2,8,0,0,0,0,0,0,0
7,6,8,12,3,1,2,783,0,0,0,0,233753,212562,15666,5524,0,25124,21262,1033,2827,3563,1,18046,1801,1523,32,29,30152,13466,13595,3090,17153,15950,1,0,287,20,18,6,16,2,0,0,0,0,0,0
8,2,6,13,0,1,0,762,0,0,0,0,166937,163374,3472,90,0,28700,28453,214,32,3823,1,15253,1963,0,18,18,23645,6101,16627,916,11484,10400,0,0,235,14,17,4,10,1,1,0,0,0,0,0
9,1,3,15,0,1,0,908,0,0,0,0,26385,11780,5788,8816,0,6998,5459,868,671,7685,5,20534,1054,1002,46,39,17983,7014,10180,789,7963,6250,0,0,42,0,13,8,21,3,0,0,0,1,0,1
10,2,2,11,2,1,1,1435,0,0,0,0,190365,181629,8610,125,0,11560,11353,131,75,9552,1,8038,10618,2739,20,24,18681,8233,10057,390,13795,12150,0,0,287,8,18,2,9,0,0,0,0,0,0,0
11,2,4,15,2,1,1,479,0,0,0,0,124756,113465,6535,4754,0,10742,10239,503,0,2508,3,4358,3892,1693,23,16,10137,6322,3790,24,10556,7625,1,0,186,2,16,3,9,4,0,0,0,0,0,1
12,4,1,9,3,1,1,904,0,0,0,0,121483,113317,6065,2099,0,15698,14730,913,54,3304,3,2537,2645,2517,15,26,6376,4012,2345,18,10401,8235,2,0,174,0,14,2,7,4,0,0,0,0,0,0
13,6,3,12,4,3,1,735,1,1,0,0,123845,116549,6542,752,0,21167,20659,508,0,9319,1,7442,7641,3113,27,57,20480,10600,9273,607,11811,9375,1,0,182,12,15,3,10,2,0,0,0,0,0,1
14,3,4,7,2,1,1,507,0,0,0,0,100291,88268,9002,3021,0,11391,9730,931,729,1791,1,6621,2082,839,21,26,15568,6988,7479,1101,10150,9550,0,0,169,8,14,4,8,2,0,0,0,0,0,0
15,1,3,8,0,1,0,1186,0,0,0,0,27480,7636,6211,13632,0,4015,3011,385,618,8267,5,22145,0,0,48,21,18609,6910,11304,394,6396,5825,0,0,49,0,12,9,26,8,0,0,0,0,0,0
16,5,5,23,3,1,1,768,0,0,0,0,150408,136854,11957,1596,0,23891,21884,1928,78,6623,1,19757,3451,3137,10,46,33460,14513,17259,1686,14584,14050,1,1,192,4,17,4,4,1,0,0,0,0,0,1
17,4,4,9,3,1,1,713,0,0,0,0,168793,155274,11143,2376,0,19723,18824,498,400,172,1,9431,3975,3975,26,57,13924,3594,10283,46,12202,12045,1,0,230,18,16,2,10,1,0,0,0,1,0,0
18,4,5,13,2,1,1,798,0,0,0,0,175717,148552,14011,13153,0,21599,17147,2267,2184,4330,1,18377,6474,1642,22,48,27724,6544,20900,278,14329,14425,0,0,207,32,17,5,10,5,1,0,0,0,0,0
19,2,2,17,0,1,0,987,0,0,0,0,26919,6384,6484,14050,0,5347,3574,725,1048,8691,5,24470,1614,628,64,25,16335,5846,8909,1580,9186,7300,0,0,50,1,14,8,28,6,0,0,0,0,0,1
0,10,2,2,7,2,2,726,1,0,0,0,121109,16541,96806,7761,0,21226,6476,13623,1127,4621,1,14832,28385,13376,24,10,20201,7200,12159,842,12077,9558,4,1,166,8,14,1,7,3,0,0,1,0,1,0
1,3,3,2,2,1,1,559,0,0,0,0,99024,6498,88808,3717,0,10416,1356,7888,1172,1278,1,14434,1944,1944,12,15,13193,2165,8852,2174,8547,7053,1,0,149,0,14,0,8,1,1,0,0,0,0,0
2,0,3,4,0,0,0,902,0,0,0,0,10305,7140,2662,502,0,3736,2451,783,502,76,1,4525,234,234,14,13,8735,4420,4198,116,4081,3875,0,0,13,0,9,3,6,3,0,0,0,0,0,0
3,4,3,1,2,1,1,612,0,0,0,0,82760,10304,70277,2177,0,12573,2965,7781,1827,3673,1,8947,9772,4195,15,9,14637,10919,3718,0,8169,6958,0,0,141,4,12,1,7,1,0,0,0,0,0,0
4,4,7,3,2,1,1,523,0,0,0,0,159303,8059,138951,12292,0,13996,2816,8399,2781,5257,1,17214,14884,5292,19,5,24285,7956,15690,638,11101,9893,2,0,211,16,16,0,10,0,0,0,0,0,0,0
5,2,7,11,0,1,0,383,0,0,0,0,186449,32406,144120,9922,0,22056,9445,11765,845,6239,1,27362,26203,6629,24,8,27814,9235,17297,1281,11911,11458,3,1,213,20,16,1,9,4,1,0,1,0,0,0
6,6,4,10,3,2,2,794,2,0,0,0,232394,33390,191308,7694,0,25552,10212,14174,1164,10364,1,60530,21963,11606,32,17,59021,33404,21441,4175,16253,14033,4,2,289,7,18,0,13,2,0,0,0,0,1,0
7,5,5,3,4,1,1,864,0,0,0,0,167344,19740,134585,13018,4,20665,3771,11886,5007,5228,1,20116,25943,9157,31,8,30322,15071,14531,718,12247,11533,4,1,210,16,16,2,11,2,0,0,1,0,1,0
8,7,4,11,3,2,2,710,1,0,0,0,80650,57067,21379,2202,27,16345,12398,2762,1184,4982,1,34862,7520,5682,27,27,27161,8051,17696,1412,11047,9225,2,0,122,4,15,1,7,5,0,0,0,0,0,0
9,4,4,7,4,1,1,325,0,0,0,0,120569,21003,95031,4534,21,16283,5752,8655,1876,5874,1,18350,18318,10259,24,8,22170,7104,13445,1620,11631,9683,2,1,173,5,15,2,10,3,0,0,0,0,1,0
10,6,5,5,3,1,2,797,0,0,0,0,149473,84643,60213,4616,0,18859,12294,5117,1448,7960,5,44079,6976,1529,21,27,36210,7719,23433,5057,11582,10970,0,0,192,12,16,0,10,2,0,0,0,0,0,0
11,1,4,1,0,1,0,671,0,0,0,0,120884,38907,76461,5515,0,10641,4038,6603,0,7588,1,25880,2084,2084,19,33,19270,7392,11673,204,8444,7075,0,0,184,4,14,1,10,0,0,0,0,0,0,0
12,3,5,11,3,1,1,447,0,0,0,0,179193,159913,14120,5160,0,26022,23204,680,2137,2363,1,5690,5633,4136,23,14,13860,6842,4965,2051,12191,11485,0,1,198,17,17,3,11,0,0,0,0,0,0,0
13,3,6,1,2,1,1,551,0,0,0,0,125120,7558,107602,9960,13,13695,1545,10498,1651,866,1,22235,11122,3077,20,23,19044,10526,6600,1918,9668,9408,2,0,175,13,15,1,8,0,0,0,1,0,0,0
14,8,2,1,8,3,1,930,1,1,0,0,104478,17055,82747,4675,0,19383,5120,11217,3045,5307,1,11528,10457,10457,8,7,17479,1263,16008,208,9826,9133,2,0,138,4,14,0,3,1,0,0,1,0,0,0
15,4,11,4,2,1,2,623,0,0,0,0,169817,15159,137981,16677,45,22460,3472,17355,1632,3086,1,44602,2932,1798,31,28,33050,8623,19650,4776,12187,12108,0,0,202,4,17,1,12,5,0,0,0,0,0,0
16,2,6,4,2,1,1,444,0,0,0,0,119504,35947,77461,6095,0,12088,4854,7234,0,14657,1,30131,610,610,13,37,26630,6457,14643,5528,8823,8925,0,0,179,4,14,1,7,0,0,0,0,0,0,0
17,0,5,4,0,0,0,1077,0,0,0,0,170666,54290,109853,6522,36,13153,4122,9031,0,18040,1,52996,3602,1153,26,44,35032,8213,22960,3857,11371,11260,0,0,254,12,18,2,12,2,0,0,0,0,0,0
18,5,2,9,3,1,1,977,0,0,0,0,158074,48658,105265,4150,0,16714,5780,10895,38,10392,1,49844,4052,3010,27,51,30354,3865,23650,2837,13057,12400,1,0,224,6,18,2,12,5,0,0,0,0,0,0
19,1,1,1,0,1,0,576,0,0,0,0,92266,18877,69268,4120,11,7429,1786,5642,0,3089,1,24567,1279,1180,15,29,17601,1898,15251,451,7315,8100,0,0,179,0,13,0,6,2,0,0,0,0,0,0
0,7,6,15,3,2,2,426,1,0,0,0,128533,105482,22451,599,32,18676,14337,3775,563,2844,1,52557,6458,1036,34,60,25605,10536,12688,2380,12429,10800,0,0,149,12,17,5,14,1,0,0,0,0,0,0
1,3,5,2,3,1,1,395,0,0,0,0,85419,67784,17237,397,0,15252,12364,2887,0,1390,1,34025,3295,2101,21,62,19334,5669,13184,481,8640,8225,1,0,155,2,12,3,11,3,0,0,0,0,0,0
2,2,2,0,0,1,0,991,0,0,0,0,102630,75628,18422,8579,0,5758,4680,993,84,789,1,17091,915,915,19,23,12215,3916,8127,172,7957,7750,0,0,195,4,13,6,12,1,0,0,0,0,0,0
3,2,10,6,0,1,0,631,0,0,0,0,131371,99431,24324,7616,0,15057,11882,3153,21,3293,1,56056,2899,727,30,59,32308,11513,16861,3932,10496,10100,1,0,193,0,16,3,12,2,0,0,0,0,0,1
4,4,4,15,2,1,1,732,0,0,0,0,133423,106012,26696,715,32,15709,12099,3433,176,1717,1,42555,7375,1672,28,49,20443,4158,12771,3513,12764,11250,1,0,199,4,17,2,10,6,0,0,1,0,0,0
5,6,4,14,5,3,1,681,1,1,0,0,188465,19890,155843,12731,0,15965,1631,12880,1453,17585,1,23136,27283,6678,37,22,32241,8167,22836,1237,13505,11933,1,0,55,136,17,5,15,4,0,0,0,0,0,1
6,1,3,3,0,1,0,1033,0,0,0,0,119018,90640,23898,4479,0,13877,10714,3162,0,666,1,30650,7235,1353,16,51,19227,8560,9611,1055,8680,8100,0,0,204,5,14,2,7,2,0,0,0,0,0,0
7,3,5,1,3,1,1,522,0,0,0,0,32558,2243,30092,222,371,10434,1030,9181,222,804,4,2647,0,0,7,3,7846,1119,6118,609,5516,4725,0,0,91,0,8,1,4,2,0,0,0,0,0,0
8,0,7,4,0,0,0,572,0,0,0,0,104824,1687,101111,2025,637,11645,1099,10245,301,1031,2,4973,4155,4155,19,5,15814,4743,10742,328,9518,9510,1,0,217,6,12,2,9,2,0,0,0,0,0,0
9,4,5,9,2,1,1,627,0,0,0,0,106853,86879,19200,774,0,18385,13414,4521,450,1238,1,45005,702,702,24,71,21436,6892,13751,792,11416,10075,2,0,172,4,15,3,9,2,1,0,0,0,0,1
10,1,9,9,0,1,0,446,0,0,0,0,81471,55634,19314,6522,0,13393,10697,2695,0,991,1,33581,1267,0,24,57,23663,9210,10838,3614,7866,7475,0,0,134,9,14,3,10,1,0,0,0,0,0,0
11,2,6,13,0,1,0,542,0,0,0,0,123238,100223,22663,352,11,15420,12347,2959,114,2495,1,53631,4754,1412,29,73,28172,8767,16512,2892,10907,10275,0,0,187,3,16,3,13,5,1,0,0,1,0,1
12,2,6,6,0,1,0,454,0,0,0,0,90169,74177,15992,0,0,12478,10048,2430,0,929,1,24286,2014,654,17,40,18943,7024,9373,2545,7438,6825,0,0,150,0,12,3,10,1,0,0,0,0,0,0
13,4,2,12,3,1,1,1224,0,0,0,0,134855,96775,26413,11666,0,18569,13924,4644,0,1538,1,43325,5753,2260,30,60,18930,3824,13762,1344,11995,9500,1,1,211,4,16,2,11,3,0,0,0,0,1,0
14,4,4,2,4,1,1,1236,0,0,0,0,118256,92463,25792,0,0,16349,12204,4144,0,1349,1,43173,465,173,20,60,25247,10100,13768,1378,9706,8900,0,1,180,11,15,2,12,0,0,0,0,0,1,0
15,3,5,9,0,1,0,722,0,0,0,0,157896,118890,30781,8224,0,19410,14404,4976,29,2400,1,72644,2424,0,34,88,29554,8107,20289,1157,11044,10650,0,0,227,1,16,2,13,4,0,0,0,0,0,0
0,15,5,5,10,2,3,672,2,0,0,0,141396,121526,14471,5398,0,24802,20958,3140,703,10322,1,15140,5003,5003,25,26,27019,9849,14062,3107,14068,13200,1,0,175,20,15,2,11,1,0,0,0,0,0,0
1,12,8,12,6,2,3,644,1,0,0,0,223758,193791,21449,8518,0,35523,32118,932,2472,27565,5,18921,17667,2298,33,6,45095,20708,22833,1554,16263,14600,0,0,76,137,18,3,13,2,0,0,0,0,0,0
2,11,3,2,4,1,4,675,0,0,0,0,143236,485,129192,13557,0,20524,485,18148,1889,3709,1,18877,7373,7373,16,23,22709,12482,9260,966,13758,11158,2,0,194,12,16,2,6,2,0,0,0,0,0,1
3,15,6,2,6,3,3,629,3,1,0,0,226926,35740,171968,19216,0,27027,6326,15386,5314,11641,1,28204,16262,11596,34,24,37665,13163,22758,1744,17771,17033,3,1,278,10,18,4,15,3,0,0,0,1,1,0
4,4,6,4,3,1,1,557,0,0,0,0,99612,4140,88286,7186,0,9550,833,7876,840,6686,1,8546,7303,0,25,7,19257,6702,11879,675,8253,6925,0,0,32,76,12,2,8,3,1,0,0,0,0,0
5,2,7,6,0,1,0,263,0,0,0,0,87294,0,85272,2021,535,10239,0,10101,137,2434,2,4883,3888,3286,11,4,12458,1732,9821,903,9319,8825,1,1,156,16,12,1,4,2,0,0,0,0,0,0
6,5,5,6,3,1,1,751,0,0,0,0,133556,284,119644,13627,0,14907,244,12825,1836,1182,1,17496,7057,2995,16,23,23194,7670,12920,2603,11189,9508,1,0,186,14,16,1,7,1,0,0,1,0,0,0
7,4,8,6,2,1,1,405,0,0,0,0,83342,4683,73035,5623,0,10695,396,9329,970,9817,1,11971,491,0,28,7,25118,6411,17819,887,8349,7350,0,0,22,80,12,3,10,4,0,0,0,0,0,0
8,4,4,5,4,2,1,238,1,0,0,0,198611,2204,192679,3727,979,21797,2204,16708,2883,1371,1,29911,11924,11148,16,50,28648,11234,17282,130,13054,11883,5,1,242,15,17,0,7,3,0,0,0,0,1,0
9,6,8,7,4,2,1,361,1,0,0,0,203019,0,199251,3767,0,15639,0,15427,212,3130,3,21523,14363,5449,6,9,19942,4731,13113,2097,14164,12875,2,0,246,16,15,1,4,0,0,0,0,0,0,0
10,3,6,2,2,1,1,407,0,0,0,0,61570,6804,54766,0,179,8178,2588,5589,0,768,2,4988,1515,1515,8,0,10669,1551,8283,835,7237,7175,1,0,147,0,10,3,4,2,0,0,0,0,0,0
11,11,7,15,5,3,3,513,2,1,0,0,262757,242818,10829,9109,0,33006,30073,2619,314,6657,1,17705,7048,4418,48,41,30578,19114,10140,1323,17632,15950,1,1,278,26,18,4,16,9,0,0,0,0,1,0
12,9,2,8,4,2,3,810,1,0,0,0,144721,0,132421,12300,0,15214,0,14772,442,1277,1,12845,18599,2680,31,6,18750,4241,13527,981,13435,12225,2,0,196,14,15,3,10,4,0,0,1,0,0,1
13,9,6,6,3,1,2,353,0,0,0,0,214934,165865,23257,25811,0,31299,24053,2591,4653,14364,1,22747,10704,1188,25,86,40277,10791,27289,2197,15252,13925,1,0,236,30,18,3,9,2,0,0,1,0,0,0
14,10,6,5,5,1,2,1046,0,0,0,0,226647,108,212394,14144,681,33640,108,29239,4292,4589,1,40672,11853,2302,39,8,52179,27631,18878,5670,17124,16025,1,0,279,9,18,1,13,8,0,0,0,0,0,0
15,13,10,13,4,2,4,394,1,0,0,0,288422,69578,206044,12800,642,43163,18064,24209,889,7516,2,20838,18956,817,23,4,30963,9778,19481,1703,19072,16900,0,0,299,17,18,0,9,4,0,0,0,0,0,0
16,6,8,18,0,1,0,638,0,0,0,0,382662,13774,347709,21177,995,29861,5293,21094,3473,11311,1,26672,11212,5379,50,10,40489,19248,18825,2415,19805,17833,2,1,333,20,18,2,17,2,0,0,0,0,0,0
0,2,11,2,0,1,0,195,0,0,0,0,42398,8320,31730,2348,0,8736,2201,5726,808,303,1,7424,0,0,9,17,17911,5278,10812,1820,5523,5233,0,0,81,4,10,0,4,2,0,0,0,0,0,0
1,7,7,2,3,1,2,455,0,0,0,0,84636,4625,76156,3854,0,12023,1072,10019,932,5722,1,6441,2447,0,18,6,17856,6969,10160,725,8511,8075,0,0,30,76,11,0,8,1,0,0,0,0,0,0
2,7,15,16,4,1,2,342,0,0,0,0,80193,73963,4515,1714,0,33642,30405,1701,1535,1339,1,6854,1431,586,72,24,37817,29174,7559,1083,13444,12935,0,0,46,7,16,2,36,3,0,0,0,0,0,0
3,3,10,8,0,1,0,263,0,0,0,0,142997,94677,45896,2422,0,24939,17305,7576,57,801,1,44385,5899,1802,20,24,40204,10767,28346,1090,11493,11250,1,0,205,0,15,0,9,3,0,0,1,0,0,0
4,9,7,2,5,1,2,948,0,0,0,0,90603,13140,72293,5170,0,16953,2866,10607,3478,2105,1,59150,3392,3100,22,33,41785,10559,27720,3506,12662,11960,1,0,155,11,15,0,8,4,0,0,1,0,0,0
5,6,5,6,4,1,1,648,0,0,0,0,138035,5857,126820,5356,0,17528,68,16359,1100,15383,1,16627,8565,1321,19,24,30886,4576,24670,1640,10794,9875,1,0,39,101,16,0,9,2,0,0,0,0,0,1
6,5,10,9,3,1,2,401,0,0,0,0,189500,103870,80549,5081,0,34832,21790,12352,689,1926,1,55953,5401,680,18,21,50743,9812,36380,4550,12938,13183,0,0,259,0,16,0,7,5,0,0,0,0,0,0
7,6,14,8,2,1,1,407,0,0,0,0,200581,100663,99695,222,0,26058,14819,11178,60,62,1,66387,8678,4615,27,27,52854,18215,34400,238,15290,16150,2,0,232,12,18,0,12,2,0,0,0,0,0,0
8,0,13,6,0,0,0,337,0,0,0,0,128879,199,125810,2870,0,12532,125,12406,0,2604,1,23351,62,62,13,6,31158,13882,14115,3160,8981,8600,0,0,176,0,15,0,7,1,0,0,0,0,0,0
9,0,6,3,0,0,0,252,0,0,0,0,10841,8711,1741,387,0,5288,4300,600,387,543,1,4149,0,0,11,33,10095,2731,7141,222,3615,3085,0,0,9,0,8,0,7,0,0,0,0,0,0,0
10,7,7,12,3,2,2,802,1,0,0,0,123137,110424,10564,2149,0,18327,17963,337,26,8457,1,9856,3956,2624,22,88,28511,20525,7215,770,12762,12175,0,1,160,14,15,1,5,6,0,0,0,1,1,0
11,6,8,13,2,2,2,694,1,0,0,0,141349,63445,70018,7885,0,16487,10649,5838,0,976,1,35325,16107,7058,23,13,30225,5604,22254,2365,12496,11883,4,0,197,4,16,0,8,3,1,0,0,0,0,1
12,2,8,20,0,1,0,412,0,0,0,0,41479,23674,7909,9895,0,9135,5865,1581,1689,9055,5,31709,5575,2396,45,46,26344,12845,9996,3503,9410,8620,3,1,49,4,15,0,23,3,0,0,1,0,0,0
13,5,5,5,3,1,1,490,0,0,0,0,67716,7662,55445,4607,0,10581,2002,7357,1221,908,1,16163,7688,1938,13,27,20037,2022,15781,2233,9572,8350,0,1,121,4,13,0,6,2,0,0,0,0,0,1
14,1,4,3,0,1,0,443,0,0,0,0,60594,3275,50604,6713,0,3187,0,2569,617,7083,1,6036,10835,0,10,2,14548,3146,10825,576,4866,3775,0,0,4,72,9,0,5,0,0,0,0,0,0,0
15,5,3,13,2,1,2,452,0,0,0,0,99643,88272,6720,4651,0,14925,14155,210,559,10986,1,6821,4151,2332,14,50,15840,4086,11753,0,9716,8310,0,0,43,79,13,0,6,2,0,0,0,0,0,1
16,5,8,2,2,1,1,969,0,0,0,0,120980,5288,108093,7597,0,14373,123,13044,1205,15970,1,21303,13453,507,30,27,40430,8913,28623,2893,9588,9250,0,0,46,100,15,0,14,3,0,0,0,0,0,0
17,5,9,2,2,1,2,327,0,0,0,0,102986,3978,79122,19885,319,13997,592,10430,2974,4142,1,7853,3519,0,21,11,19666,5103,14562,0,9305,8375,0,0,72,55,13,0,8,4,1,0,0,0,0,0
18,7,11,2,4,1,1,407,0,0,0,0,116317,6654,104835,4828,0,13702,2000,10551,1150,9302,1,13299,3063,0,28,9,27350,4669,21986,694,10171,9975,0,0,40,95,13,0,13,6,0,0,0,0,0,0
0,17,8,10,5,3,5,266,2,1,0,0,170802,12887,155353,2562,1251,34327,2702,29062,2562,4769,1,8052,3201,3201,18,17,19901,10003,8596,1301,15842,15025,1,1,203,10,16,0,8,2,0,0,0,0,1,0
1,2,2,0,2,2,1,752,1,0,0,0,85940,76698,9240,2,0,6823,6607,215,0,0,0,2966,796,739,12,21,3709,1309,2355,44,6875,4750,0,0,178,0,12,3,8,0,0,0,0,0,0,0
2,2,4,2,0,1,0,679,0,0,0,0,109811,95900,11430,2479,0,9155,9103,52,0,226,1,6181,4547,511,14,29,9519,3200,5633,685,8215,7635,1,0,195,12,14,0,7,0,0,0,0,0,0,0
3,9,6,11,6,1,1,1106,0,0,0,0,123635,31329,92045,260,31,21759,9283,12216,260,1570,1,36747,3411,2435,23,37,31100,12562,15252,3285,13843,13850,1,0,187,8,16,0,11,0,1,0,0,0,0,0
4,6,8,5,2,2,3,411,1,0,0,0,128574,117764,8348,2461,0,20928,20679,248,0,752,1,10423,2028,902,13,52,16527,5648,9622,1257,11253,10450,0,0,179,8,14,0,8,0,0,0,0,0,0,0
5,1,5,5,0,1,0,835,0,0,0,0,106414,93652,9874,2887,0,14289,13862,178,248,1094,1,9758,1393,57,20,13,13809,7456,5725,628,8421,7425,0,0,161,16,13,1,10,0,0,0,0,0,0,0
6,4,8,7,0,1,0,651,0,0,0,0,143868,134651,8986,230,0,20058,19581,425,52,0,0,7863,748,748,24,53,16928,9238,7007,681,10499,9775,0,0,190,17,15,1,11,2,0,0,0,0,0,0
7,11,6,9,4,1,3,357,0,0,0,0,123824,107755,14400,1669,0,40983,38685,629,1669,3080,1,10050,5815,2651,26,26,28090,16099,9890,2101,13598,12475,2,0,178,12,17,1,5,5,0,0,0,0,0,0
8,6,6,9,3,2,2,828,1,0,0,0,177291,157651,12300,7340,0,26376,25290,1055,30,655,1,8639,2663,2663,19,34,19148,6904,11440,804,13013,12775,0,0,230,4,17,1,8,1,0,0,0,0,0,0
9,11,4,11,5,2,3,422,1,0,0,0,171217,158908,8919,3389,0,32194,31637,508,48,239,1,8064,4926,4645,27,94,12724,3844,8400,479,14652,10925,3,0,218,10,17,1,11,3,0,0,0,0,0,1
10,6,6,4,2,1,3,493,0,0,0,0,150176,137802,10103,2270,0,19835,19660,174,0,1,1,9083,1212,486,21,55,18460,5325,12861,274,11616,11435,0,0,208,4,16,2,9,1,0,0,0,0,0,0
11,7,1,3,5,2,2,689,2,0,0,0,96094,627,93492,1974,0,10308,540,8429,1338,156,1,13786,4281,3294,17,17,12042,2486,9555,0,10370,7750,2,0,159,4,14,0,6,3,0,0,0,0,0,1
12,4,11,9,2,1,1,291,0,0,0,0,19357,365,14222,4769,8,9231,365,7204,1662,6430,3,20911,200,200,64,16,24637,10969,10841,2825,8901,8725,0,0,34,0,13,9,30,5,0,0,0,0,0,1
13,14,6,10,6,3,3,809,1,1,0,0,59686,477,49885,9323,0,18586,477,13312,4796,15505,4,31443,1499,428,109,42,38034,17223,17670,3140,15502,15270,0,1,89,4,18,7,35,24,1,0,0,1,1,0
14,3,3,6,2,1,1,557,0,0,0,0,140838,121592,12497,6748,0,16262,16108,153,0,701,1,7256,4961,4080,25,61,9677,3856,5491,329,11098,8825,1,0,201,10,16,1,9,0,0,0,0,0,0,0
15,2,5,8,0,1,0,431,0,0,0,0,140778,127194,11740,1844,0,13670,12933,736,0,859,1,6835,10580,3129,25,42,12705,2699,9399,606,11431,9375,1,0,206,15,15,1,11,2,0,0,0,0,0,1
16,2,6,5,2,1,1,397,0,0,0,0,63861,51878,7146,4836,0,8293,7578,535,179,0,0,6093,3460,485,11,5,11058,3264,7772,22,6415,5975,1,0,121,4,11,1,6,1,0,0,1,0,0,0
17,9,9,9,3,3,2,639,2,1,0,0,34017,435,26066,7515,0,11703,435,8009,3258,7039,3,13805,231,0,39,22,26415,12610,13191,613,11308,10925,0,0,44,0,13,7,17,8,0,0,0,0,0,0
18,7,2,13,5,1,1,720,0,0,0,0,49838,47488,1925,424,0,19646,19315,147,184,772,1,2205,3554,1124,64,33,10806,6801,3285,720,11272,9525,0,0,33,0,14,7,29,3,0,0,0,0,0,0
19,0,7,5,0,0,0,400,0,0,0,0,27824,23807,2965,1051,0,8126,5967,1107,1051,1923,5,5056,667,667,52,28,15017,8727,6253,36,6627,5810,0,0,30,0,12,5,15,7,0,0,0,0,0,0
0,0,3,10,0,0,0,837,0,0,0,0,16220,13999,1841,380,0,7017,6320,316,380,585,1,3115,365,0,33,38,7594,1321,5502,771,4992,4560,0,0,8,4,10,5,18,1,0,0,0,0,0,0
1,1,1,13,0,1,0,689,0,0,0,0,18775,4750,5850,8174,0,4460,2503,1533,424,3399,5,12534,885,71,31,28,13892,3188,10377,326,6183,4875,0,0,33,0,11,7,23,2,0,0,0,0,0,1
2,4,1,15,2,1,2,968,0,0,0,0,23928,6062,6888,10976,0,6078,3596,1808,673,2908,5,9207,1050,567,58,37,11559,3178,7737,644,8594,7775,1,0,55,0,12,7,25,13,0,0,0,0,0,0
3,2,9,13,0,1,0,492,0,0,0,0,138021,41224,89187,7609,0,12378,3369,8067,941,11983,1,24632,7050,213,40,22,38042,6557,30587,897,10954,10308,0,0,51,100,15,7,10,7,0,0,0,0,0,0
4,1,11,2,0,1,0,251,0,0,0,0,10815,2969,3106,4739,0,3557,1811,745,999,741,5,15021,0,0,30,21,20465,7210,11436,1817,4560,3875,0,0,25,0,9,10,20,4,0,0,0,0,0,0
5,3,9,19,2,1,1,461,0,0,0,0,159590,120732,28445,10412,75,18915,15071,2341,1502,9730,5,56774,6171,1531,17,69,37252,10071,21613,5568,12177,12050,0,0,69,108,17,0,4,3,0,0,0,0,0,1
6,2,8,18,0,1,0,370,0,0,0,0,38319,11952,11779,14586,0,10786,6762,2679,1344,4828,5,35780,876,440,82,61,31407,11385,15680,4342,10642,9700,0,0,61,0,16,14,40,5,0,0,0,0,0,0
7,4,8,11,0,1,0,366,0,0,0,0,40398,18144,9235,13018,0,8305,4547,2506,1252,4248,5,28272,518,0,59,29,28889,15549,12927,412,8365,7825,0,0,64,0,13,9,30,6,1,0,0,0,0,0
8,3,5,23,2,1,1,815,0,0,0,0,27977,4202,9930,13844,0,5766,2061,2985,719,4387,5,26593,946,330,81,27,26155,3813,20618,1724,8997,8275,0,0,59,0,14,15,42,6,0,0,0,0,0,0
9,1,9,11,0,1,0,464,0,0,0,0,29768,15556,5839,8372,0,9385,6557,1841,987,3095,5,22051,538,538,67,32,28881,10976,13368,4535,7487,5500,1,0,48,0,13,10,35,9,0,0,0,0,0,0
10,2,5,11,2,1,1,889,0,0,0,0,22365,4962,6843,10560,0,5195,3046,1403,746,2722,5,15575,445,445,51,31,15237,3847,9624,1765,7064,6525,0,0,50,0,11,7,25,9,0,0,0,0,0,0
11,2,5,3,0,1,0,438,0,0,0,0,13170,3228,4253,5688,0,3450,2017,1058,374,1310,4,9547,0,0,16,21,11257,745,10168,344,4040,3075,0,0,28,0,8,3,11,3,0,0,0,0,0,0
12,3,8,14,0,1,0,388,0,0,0,0,35437,8134,11127,16174,0,8531,4370,2832,1328,4226,9,18611,1155,474,69,44,20844,5719,14638,487,8651,7900,0,0,53,0,13,10,26,8,0,0,0,0,0,0
13,1,11,5,0,1,0,217,0,0,0,0,47747,19053,25693,3000,234,15408,8133,7274,0,1599,4,5222,694,694,62,26,15611,5018,9029,1563,7680,6575,0,0,53,0,12,13,40,7,0,0,0,0,0,0
14,3,3,11,2,1,1,1033,0,0,0,0,37134,15956,8159,13018,0,8549,5416,1933,1198,3960,5,17635,4240,544,65,35,18433,3649,14321,462,8612,7725,0,0,56,4,13,9,29,11,0,0,0,0,0,1
15,0,7,1,0,0,0,545,0,0,0,0,94467,3920,76898,13649,0,3789,106,2845,837,7755,1,9741,12909,0,26,0,22274,6011,15956,307,5926,5625,0,0,13,92,11,6,11,4,0,0,0,0,0,0
16,2,13,19,0,1,0,497,0,0,0,0,42573,15128,12227,15217,0,12745,7852,3168,1724,4881,5,54703,1309,682,124,68,43750,4611,33794,5345,11344,10175,0,0,89,0,18,11,63,20,0,0,0,0,0,0
17,3,9,19,2,1,1,283,0,0,0,0,19536,5265,6449,7821,0,6701,3676,2344,681,2679,5,18114,529,249,63,44,20144,8642,10062,1439,8867,7625,0,0,44,0,13,13,31,10,0,0,0,0,0,0
18,3,3,16,0,1,0,599,0,0,0,0,42322,21261,10922,10138,0,12001,7835,2760,1405,6133,5,28125,447,0,79,40,24769,8874,14155,1740,11223,9850,0,0,78,0,16,19,47,13,0,0,0,0,0,0
19,2,8,17,0,1,0,640,0,0,0,0,34806,10463,10258,14084,0,8080,4880,2219,981,6809,5,33961,1413,657,75,46,31415,11455,18732,1228,10325,9150,0,0,62,0,16,12,44,9,0,0,0,0,0,1
0,7,4,7,4,2,2,615,2,0,0,0,162730,6114,155969,646,931,17913,923,16372,617,3658,3,6642,1279,1279,12,5,17567,11076,6156,335,14306,12400,0,0,255,0,17,0,6,2,0,0,0,0,0,0
1,7,4,15,3,2,3,1374,1,0,0,0,274732,8828,258203,7700,1077,34650,2165,29760,2723,6369,3,13955,24751,3942,24,10,23507,12258,10248,1000,20363,17680,2,1,299,38,18,0,10,7,0,0,1,0,0,0
2,7,3,6,4,1,2,963,0,0,0,0,106155,1903,94778,9473,661,11564,556,10498,509,1366,3,4314,6824,2821,5,4,11594,5515,5551,528,10811,9400,1,0,203,8,13,0,4,0,1,0,0,0,0,0
3,1,5,4,0,1,0,561,0,0,0,0,60533,55949,4369,215,0,19018,17865,938,215,490,1,4178,592,533,39,61,9507,1947,7444,116,7742,7625,0,0,52,0,14,1,19,2,0,0,0,0,0,0
4,6,9,6,3,1,1,363,0,0,0,0,61084,1224,59715,144,545,15941,790,15054,96,1264,2,3739,1146,1146,2,17,15702,9061,5468,1172,8545,7950,0,0,114,0,12,0,2,0,0,0,0,0,0,0
5,7,0,16,7,2,1,0,1,0,0,0,180347,150338,14819,15188,270,32142,25221,2419,4501,6467,5,8923,2927,2331,62,49,17406,3368,13048,989,16252,15075,1,0,150,0,18,1,23,8,0,0,0,0,0,0
6,7,3,6,6,2,1,871,1,0,0,0,191869,178237,13108,522,0,19580,18430,627,522,2629,1,8176,3750,1661,18,12,17618,10264,6574,780,13783,12200,0,0,242,32,17,0,9,1,0,0,0,0,0,0
7,12,5,8,7,2,2,426,2,0,0,0,107642,70152,10187,27301,0,19371,15818,1165,2387,2751,2,8006,4403,4403,15,11,17132,4400,12541,191,13559,11750,3,0,163,4,15,0,9,0,0,0,0,1,0,1
8,4,7,5,3,1,1,863,0,0,0,0,174921,4236,169935,750,794,19483,905,17828,750,2847,3,8705,3565,1228,19,9,19945,3768,15362,815,12939,12350,1,0,287,0,16,0,6,6,1,0,0,0,0,0
9,5,4,13,3,1,1,631,0,0,0,0,165043,1856,162203,984,479,14667,488,14094,84,3641,4,7643,8766,1370,9,9,14269,3766,9010,1492,12584,10750,0,0,253,12,16,0,5,1,0,0,0,0,0,0
10,7,8,8,3,3,2,456,1,1,0,0,139949,6736,124150,9062,0,13680,1141,12314,224,14362,1,19987,9767,0,19,131,35234,7432,26617,1184,10819,10485,0,0,5,127,14,2,10,0,0,0,0,0,0,0
11,5,7,3,3,2,2,642,1,0,0,0,157656,115267,31324,11064,0,13789,12434,1058,296,14423,1,18323,8687,0,33,18,33664,12586,20633,444,11101,9360,0,0,53,128,16,2,12,1,0,0,0,0,0,0
12,0,5,6,0,0,0,766,0,0,0,0,9230,6537,2078,615,0,3344,2324,404,615,1922,7,3353,619,306,29,11,10085,5510,4272,302,5212,5050,0,0,16,0,11,2,13,4,0,0,0,0,0,0
13,1,0,13,0,1,0,0,0,0,0,0,29397,25112,2755,1529,0,9256,7255,490,1510,2916,3,4439,2927,1189,31,30,7958,1671,6166,120,8215,6900,0,0,21,0,14,0,13,4,0,0,0,0,0,0
14,3,3,4,2,2,1,938,1,0,0,0,149339,6032,130581,12726,0,8485,918,6862,704,14843,1,15960,5462,1626,29,110,29017,7683,20796,537,9776,9200,0,0,26,142,15,1,8,1,0,0,0,0,0,0
15,2,4,14,0,1,0,679,0,0,0,0,55160,51936,2390,833,0,15852,14350,669,833,3593,1,6333,4233,2569,70,105,12599,6522,5756,320,11467,10400,1,1,43,8,16,2,26,13,0,0,0,0,1,0
16,3,3,1,2,2,1,793,1,0,0,0,135103,29987,103639,1476,0,8398,4173,4113,112,2271,2,6244,4183,4183,13,1,12880,4546,7229,1103,11670,9500,2,0,243,12,15,0,6,1,0,0,0,0,0,1
17,8,1,0,6,2,2,921,3,0,0,0,67205,1951,59763,5489,626,9082,455,8323,303,165,1,2064,8250,0,11,3,5828,2432,3396,0,8087,6500,0,0,130,5,12,0,6,2,0,0,0,0,0,0
18,13,6,10,4,2,4,387,2,0,0,0,213729,63926,141472,8331,0,25127,12406,12613,108,4969,3,16357,4808,2225,15,1,23093,8047,14207,838,17790,15800,1,0,243,16,17,0,6,1,0,0,0,0,0,0
19,9,2,6,6,3,2,1151,2,1,0,0,203670,177235,25915,519,0,24804,21375,3086,342,11514,1,19789,6095,6095,21,15,29674,15517,13471,685,16760,14600,2,1,251,36,18,0,10,3,0,0,0,0,0,0
0,2,2,9,0,1,0,501,0,0,0,0,195666,4405,180207,11053,782,18010,1305,13382,3322,6487,1,8513,7020,4675,29,7,17242,10184,6347,710,12906,11583,2,0,241,8,16,4,12,4,0,0,1,0,0,0
1,9,3,11,5,1,2,1201,0,0,0,0,331473,11493,304947,15032,1462,30891,1564,24868,4457,5045,3,5186,29229,5715,29,29,11855,5306,5934,614,19397,16550,2,1,312,26,18,0,11,3,0,0,0,0,0,0
2,13,4,10,6,2,3,1243,2,0,0,0,384368,28337,347295,8734,1915,41542,3070,34769,3702,10404,4,15801,11648,3009,48,27,32100,14089,16815,1194,21302,18685,0,0,355,42,18,5,28,7,0,0,0,0,0,0
3,0,0,0,0,0,0,0,0,0,0,0,55210,133,51052,4025,547,4793,133,4659,0,505,2,696,0,0,7,5,2243,542,1495,205,5301,4650,0,0,129,0,9,0,5,0,0,0,0,0,0,0
4,5,3,3,3,2,2,974,1,0,0,0,225760,84569,122776,18415,0,23651,15941,6912,798,2069,3,8654,20111,7518,19,5,16281,2913,13296,72,16476,13300,3,0,293,40,18,2,12,2,0,0,0,0,0,0
5,9,3,13,7,2,2,669,1,0,0,0,157474,7390,146200,3884,1542,26639,2085,23437,1116,4197,4,5666,19672,6460,24,19,11969,2730,8096,1142,13602,11950,1,0,198,13,15,2,11,1,0,0,0,0,0,1
6,8,5,3,4,3,2,702,1,1,0,0,148229,560,128309,19359,0,13992,560,11395,2036,3937,1,20813,8533,4998,22,14,23165,4739,17839,586,13398,12833,1,1,196,4,15,2,8,2,0,0,0,1,0,1
7,7,4,14,5,1,1,467,0,0,0,0,164616,12264,139029,13322,0,20598,4357,14097,2143,3524,1,13264,9487,6792,22,10,19830,5811,13510,508,13970,13083,5,0,210,4,17,4,10,3,0,0,1,0,0,0
8,2,3,0,0,1,0,285,0,0,0,0,35289,0,35289,0,441,3115,0,3115,0,1173,2,2069,99,99,3,6,6174,2091,3495,586,4820,3750,0,0,89,0,9,0,2,0,0,0,0,0,0,0
9,4,3,7,2,1,1,761,0,0,0,0,157917,3895,151994,2028,1477,18886,1461,17133,292,3712,2,7306,10377,8466,15,18,12731,899,11378,453,13366,10225,3,0,248,8,15,3,7,0,0,0,1,0,0,1
10,8,4,13,4,2,2,638,2,0,0,0,125536,102564,20286,2685,0,21221,18500,1964,756,7137,1,9632,4783,2715,26,32,18415,5421,11286,1707,12762,10910,1,0,201,4,16,3,9,3,1,0,0,0,0,1
11,13,7,16,6,2,2,943,2,0,0,0,279678,13128,258885,7664,1906,50972,3753,41253,5965,12654,3,17903,10840,6370,17,42,32726,18863,11707,2155,18826,18200,3,0,270,14,18,2,12,1,0,0,1,0,0,0
12,5,6,11,2,1,1,539,0,0,0,0,155443,56342,95590,3510,324,21676,10605,10646,423,1476,3,8443,9191,3588,18,3,16374,7891,7586,897,15005,13800,1,1,239,10,15,2,10,2,0,0,0,0,0,0
13,6,2,8,5,2,1,623,1,0,0,0,135546,112505,16973,6068,0,13356,11705,997,653,677,1,3941,4438,4438,17,18,10454,5017,5373,63,11932,10325,1,0,216,16,15,1,6,1,1,0,0,0,0,1
14,1,1,1,0,1,0,440,0,0,0,0,39490,183,30511,8795,349,2801,128,2673,0,501,1,718,482,482,12,1,2423,584,1763,75,4339,4025,0,0,94,0,8,1,7,2,0,0,0,0,0,0
15,0,3,4,0,0,0,482,0,0,0,0,65135,115,65019,0,485,7211,115,7096,0,1266,2,2350,179,0,7,4,7284,2936,4038,309,6242,6150,0,0,140,0,10,0,5,0,0,0,0,0,0,0
16,5,4,4,3,2,2,564,1,0,0,0,124966,3379,117732,3854,1411,16006,1316,14533,156,2977,2,5764,1871,1871,19,14,15137,6444,7804,888,10624,10085,1,0,209,4,13,1,11,3,0,0,0,0,0,0
17,10,3,7,7,2,2,1750,2,0,0,0,263082,79920,165930,17231,0,28280,13297,14579,403,5157,4,16363,31564,7318,37,2,22990,7990,14391,608,19764,18405,3,0,321,31,18,1,15,10,0,0,0,0,0,0
18,4,6,14,2,2,1,601,1,0,0,0,156504,4807,148336,3360,1680,21619,1381,20237,0,5534,3,11459,10837,3190,28,20,21582,5099,14502,1979,12288,11260,1,0,202,6,16,4,12,4,1,0,0,1,0,1
19,9,2,2,8,3,1,432,2,1,0,0,121229,4450,115916,862,1158,15377,1605,13522,249,2220,2,2880,6605,4843,15,12,9383,2000,6499,883,11942,10700,1,0,207,1,13,2,9,1,0,0,0,0,0,1
0,5,6,2,2,1,1,552,0,0,0,0,116164,80083,29123,6957,61,6580,4928,988,663,4958,1,30239,7613,0,24,21,21617,5639,14941,1036,9302,8500,0,0,36,104,14,2,6,4,1,0,0,0,0,0
1,1,5,5,0,1,0,475,0,0,0,0,77210,1088,73666,2455,330,10231,207,10023,0,2255,2,5764,1352,0,14,15,11353,1387,9405,560,7595,7250,0,0,169,4,12,0,6,2,0,0,0,0,0,0
2,6,5,6,3,2,2,598,1,0,0,0,104628,2120,102302,206,634,16848,685,16162,0,2802,3,6523,9131,5148,13,18,12916,5095,7345,475,11160,9500,3,0,205,0,13,1,6,1,0,0,0,0,0,1
3,1,0,3,0,1,0,0,0,0,0,0,92324,36639,42399,13285,0,2886,1054,1634,198,5669,1,6475,25905,559,15,1,10802,1948,8854,0,5834,4400,1,0,9,96,11,1,4,2,0,0,0,1,0,0
4,7,1,5,7,1,1,182,0,0,0,0,160107,5441,145492,9173,0,9705,321,8800,583,7822,1,15404,23959,7096,45,14,18919,3971,14435,513,12376,11033,4,0,35,135,15,3,18,5,0,0,0,0,0,1
5,3,4,15,0,1,0,393,0,0,0,0,17843,6139,7371,4332,0,5425,3528,1269,628,10704,5,24263,1903,273,54,21,18427,8738,8660,1028,8440,6950,0,0,36,0,13,8,26,6,0,0,0,0,0,1
6,9,7,6,4,2,3,741,4,0,0,0,228004,6406,212263,9335,876,48453,2776,40510,5166,5012,4,16421,10460,7039,37,22,20753,2715,15716,2321,15849,14900,2,0,293,12,17,2,14,4,0,0,0,0,0,1
7,4,2,7,2,1,2,706,0,0,0,0,74455,799,69725,3930,357,8850,420,8010,420,1119,3,3644,10040,5597,18,11,7216,1740,4955,521,8453,5200,2,0,154,12,11,0,5,6,0,0,0,0,0,0
8,2,3,6,2,1,1,581,0,0,0,0,26078,22383,1634,2060,0,7005,6358,75,572,0,0,2382,11384,1905,41,3,7060,3363,3457,239,6314,6235,0,0,16,0,10,8,22,4,0,0,0,0,0,0
9,0,6,4,0,0,0,920,0,0,0,0,30643,15913,6517,8212,0,6702,4876,798,1027,7776,5,27601,927,283,72,31,20301,10856,8254,1190,7177,6775,0,0,60,0,13,7,31,13,0,0,0,0,0,1
10,1,2,2,0,1,0,882,0,0,0,0,122333,5254,114806,2272,0,13151,1498,11653,0,1151,3,3833,4302,1086,23,9,11261,4752,6216,292,9336,8575,0,0,219,8,13,2,11,3,0,0,0,0,0,0
11,3,5,5,2,1,1,651,0,0,0,0,90124,2494,87630,0,453,12662,465,12197,0,1329,3,4699,0,0,9,8,14090,6619,6700,770,9286,8550,0,0,187,0,13,0,7,1,0,0,0,0,0,0
12,14,4,6,6,2,3,504,1,0,0,0,97276,6101,90566,608,0,18224,2483,15587,154,660,2,3976,12617,9162,16,18,11236,2210,8905,120,12191,10100,3,0,152,13,13,0,5,3,0,0,0,0,0,1
13,2,5,2,0,1,0,714,0,0,0,0,77627,743,74338,2545,408,10288,106,10182,0,1342,3,5581,2680,2680,12,6,9645,2069,6838,737,7586,7250,0,0,173,4,11,0,4,2,0,0,0,0,0,0
14,13,9,11,5,2,3,786,2,0,0,0,288500,5839,267167,15493,914,56248,2426,46699,7122,4721,4,18499,20280,5730,30,29,26550,12005,13578,966,20457,22030,2,1,281,27,18,0,11,7,0,0,0,0,0,0
15,2,5,0,0,1,0,376,0,0,0,0,83084,462,78502,4120,408,6085,175,5909,0,1315,2,5205,0,0,18,6,11092,2629,8403,59,7583,7425,0,0,164,6,11,1,8,1,0,0,0,0,0,0
16,5,7,8,2,1,1,736,0,0,0,0,87499,0,80751,6747,432,18796,0,15874,2922,1473,3,9402,30,0,15,13,20973,1882,18265,826,9438,8550,0,0,153,4,13,0,6,3,0,0,0,0,0,0
17,7,4,11,3,2,2,920,1,0,0,0,183559,3882,171546,8130,767,21301,907,19606,788,4188,3,6586,24303,12049,24,11,17906,11386,5428,1091,14233,11400,5,1,250,12,16,2,10,1,0,0,0,0,0,0
18,12,2,14,5,2,3,1087,1,0,0,0,129749,119949,7081,2718,0,59515,55798,998,2718,1970,1,5401,7895,2826,110,62,12126,4462,6443,1219,15820,15250,1,0,77,4,18,6,38,9,0,0,0,1,0,1
19,2,2,4,0,1,0,841,0,0,0,0,83284,6737,74977,1570,0,12994,2072,10922,0,2169,3,6071,289,73,14,21,9646,6657,2746,242,8792,8250,0,0,176,2,12,2,10,1,0,0,0,0,0,0
